name,label
gd\00000000.jpg,gd
gd\00000001.jpg,gd
gd\00000002.jpg,gd
gd\00000003.jpg,gd
gd\00000004.jpg,gd
gd\00000005.jpg,gd
gd\00000006.jpg,gd
gd\00000008.jpg,gd
gd\00000009.jpg,gd
gd\00000010.png,gd
gd\00000011.jpg,gd
gd\00000012.jpg,gd
gd\00000013.jpg,gd
gd\00000014.jpg,gd
gd\00000015.jpg,gd
gd\00000016.jpg,gd
gd\00000017.jpg,gd
gd\00000018.jpg,gd
gd\00000019.jpg,gd
gd\00000020.jpg,gd
gd\00000021.jpg,gd
gd\00000022.jpg,gd
gd\00000023.jpg,gd
gd\00000024.jpg,gd
gd\00000025.jpeg,gd
gd\00000026.jpg,gd
gd\00000027.jpeg,gd
gd\00000028.jpg,gd
gd\00000030.jpg,gd
gd\00000031.jpg,gd
gd\00000032.jpg,gd
gd\00000033.jpg,gd
gd\00000034.jpeg,gd
gd\00000035.jpg,gd
gd\00000036.jpg,gd
gd\00000037.jpg,gd
gd\00000038.JPG,gd
gd\00000039.jpg,gd
gd\00000040.jpg,gd
gd\00000041.jpg,gd
gd\00000043.jpg,gd
gd\00000044.jpg,gd
gd\00000045.jpg,gd
gd\00000046.jpg,gd
gd\00000047.png,gd
gd\00000048.gif,gd
gd\00000049.png,gd
gd\00000050.jpg,gd
gd\00000051.jpg,gd
gd\00000052.jpg,gd
gd\00000053.jpeg,gd
gd\00000054.jpg,gd
gd\00000055.jpg,gd
gd\00000056.jpg,gd
gd\00000057.jpg,gd
gd\00000058.jpg,gd
gd\00000059.jpg,gd
gd\00000060.jpg,gd
gd\00000061.jpg,gd
gd\00000063.jpg,gd
gd\00000064.jpg,gd
gd\00000065.jpg,gd
gd\00000066.jpg,gd
gd\00000067.jpg,gd
gd\00000068.png,gd
gd\00000069.jpg,gd
gd\00000070.jpg,gd
gd\00000071.JPG,gd
gd\00000072.jpg,gd
gd\00000073.jpg,gd
gd\00000074.jpg,gd
gd\00000075.jpg,gd
gd\00000076.jpg,gd
gd\00000078.jpg,gd
gd\00000079.jpg,gd
gd\00000080.jpg,gd
gd\00000081.jpg,gd
gd\00000082.gif,gd
gd\00000083.jpg,gd
gd\00000084.jpg,gd
gd\00000085.jpg,gd
gd\00000086.jpg,gd
gd\00000087.jpg,gd
gd\00000088.jpg,gd
gd\00000089.gif,gd
gd\00000090.png,gd
gd\00000091.jpg,gd
gd\00000092.png,gd
gd\00000093.jpg,gd
gd\00000094.jpg,gd
gd\00000095.jpg,gd
gd\00000096.jpg,gd
gd\00000097.jpg,gd
gd\00000098.jpg,gd
gd\00000099.jpg,gd
mtp\00000000.jpg,mtp
mtp\00000001.jpg,mtp
mtp\00000002.jpg,mtp
mtp\00000003.jpg,mtp
mtp\00000004.png,mtp
mtp\00000005.jpg,mtp
mtp\00000006.jpg,mtp
mtp\00000007.png,mtp
mtp\00000008.png,mtp
mtp\00000009.jpg,mtp
mtp\00000011.png,mtp
mtp\00000012.png,mtp
mtp\00000013.jpg,mtp
mtp\00000015.jpg,mtp
mtp\00000016.jpg,mtp
mtp\00000017.jpg,mtp
mtp\00000018.jpg,mtp
mtp\00000019.jpg,mtp
mtp\00000020.jpg,mtp
mtp\00000022.jpg,mtp
mtp\00000023.png,mtp
mtp\00000024.jpg,mtp
mtp\00000025.jpg,mtp
mtp\00000027.jpg,mtp
mtp\00000028.jpg,mtp
mtp\00000029.jpg,mtp
mtp\00000030.jpg,mtp
mtp\00000032.png,mtp
mtp\00000034.jpg,mtp
mtp\00000035.jpg,mtp
mtp\00000036.jpg,mtp
mtp\00000037.jpg,mtp
mtp\00000038.jpg,mtp
mtp\00000041.jpg,mtp
mtp\00000042.jpg,mtp
mtp\00000043.jpg,mtp
mtp\00000044.gif,mtp
mtp\00000045.jpg,mtp
mtp\00000046.jpg,mtp
mtp\00000047.jpg,mtp
mtp\00000048.png,mtp
mtp\00000049.jpg,mtp
mtp\00000050.png,mtp
mtp\00000051.jpg,mtp
mtp\00000052.jpg,mtp
mtp\00000053.gif,mtp
mtp\00000054.jpg,mtp
mtp\00000055.jpg,mtp
mtp\00000056.jpg,mtp
mtp\00000057.jpg,mtp
mtp\00000058.jpg,mtp
mtp\00000059.jpg,mtp
mtp\00000060.jpg,mtp
mtp\00000061.jpg,mtp
mtp\00000062.png,mtp
mtp\00000064.jpg,mtp
mtp\00000065.jpg,mtp
mtp\00000066.jpg,mtp
mtp\00000067.jpg,mtp
mtp\00000068.jpg,mtp
mtp\00000069.jpg,mtp
mtp\00000070.jpg,mtp
mtp\00000071.jpg,mtp
mtp\00000072.jpg,mtp
mtp\00000073.jpg,mtp
mtp\00000074.jpg,mtp
mtp\00000076.jpeg,mtp
mtp\00000077.png,mtp
mtp\00000078.jpg,mtp
mtp\00000079.jpg,mtp
mtp\00000080.jpg,mtp
mtp\00000081.gif,mtp
mtp\00000082.jpg,mtp
mtp\00000083.jpg,mtp
mtp\00000084.jpg,mtp
mtp\00000085.jpg,mtp
mtp\00000086.jpg,mtp
mtp\00000087.png,mtp
mtp\00000088.jpg,mtp
mtp\00000089.jpg,mtp
mtp\00000090.jpg,mtp
mtp\00000091.jpg,mtp
mtp\00000092.jpg,mtp
mtp\00000094.png,mtp
mtp\00000095.jpg,mtp
mtp\00000097.jpg,mtp
mtp\00000098.jpg,mtp
mtp\00000099.gif,mtp
